Time,RtoR
,3119
,1155
,579
,574
,572
,583
,579
,572
,583
,576
,580
,597
,616
,639
,644
,665
,679
,682
,680
,655
,635
,653
,673
,698
,748
,783
,801
,748
,713
,742
,769
,789
,730
,715
,686
,688
,690
,678
,654
,660
,643
,631
,621
,636
,634
,635
,641
,628
,635
,636
,631
,633
,637
,621
,630
,622
,620
,622
,622
,613
,612
,612
,607
,605
,596
,581
,595
,588
,596
,612
,626
,607
,617
,612
,607
,610
,606
,609
,601
,593
,584
,591
,581
,590
,581
,580
,582
,588
,589
,579
,602
,587
,590
,596
,604
,603
,604
,598
,601
,606
,606
,609
,605
,619
,617
,611
,605
,622
,621
,633
,626
,623
,611
,607
,609
,608
,607
,622
,623
,630
,641
,640
,650
,649
,618
,634
,638
,659
,684
,677
,671
,676
,691
,680
,663
,637
,648
,651
,684
,713
,752
,736
,734
,689
,679
,681
,689
,692
,689
,682
,670
,676
,649
,653
,640
,640
,638
,647
,618
,638
,630
,636
,647
,655
,653
,653
,646
,636
,623
,609
,601
,623
,625
,714
,763
,769
,753
,750
,742
,725
,703
,701
,683
,679
,662
,655
,632
,636
,631
,651
,714
,750
,759
,724
,704
,705
,712
,726
,718
,698
,684
,662
,669
,690
,698
,699
,641
,663
,659
,676
,698
,719
,708
,692
,679
,680
,654
,658
,644
,651
,683
,706
,719
,715
,697
,676
,635
,610
,650
,676
,756
,802
,699
,669
,667
,697
,732
,748
,744
,737
,691
,678
,684
,685
,685
,680
,677
,670
,662
,654
,647
,641
,641
,615
,632
,624
,629
,624
,630
,637
,662
,683
,713
,694
,649
,667
,657
,667
,670
,683
,680
,640
,650
,652
,668
,684
,684
,685
,691
,674
,692
,701
,713
,679
,702
,699
,710
,746
,768
,757
,739
,725
,703
,686
,667
,647
,657
,670
,703
,723
,725
,655
,680
,668
,676
,675
,646
,664
,654
,669
,685
,703
,697
,684
,689
,708
,722
,682
,704
,706
,713
,701
,689
,672
,667
,664
,657
,640
,644
,645
,662
,680
,654
,666
,662
,661
,660
,658
,653
,623
,643
,629
,650
,689
,724
,723
,695
,689
,692
,680
,674
,652
,643
,638
,643
,644
,640
,626
,628
,623
,616
,599
,611
,608
,606
,635
,687
,706
,682
,659
,679
,671
,668
,668
,677
,684
,669
,673
,691
,718
,732
,705
,747
,758
,775
,774
,761
,733
,723
,749
,769
,781
,781
,745
,742
,770
,779
,770
,765
,733
,737
,781
,807
,834
,788
,760
,801
,828
,829
,773
,733
,795
,808
,829
,822
,833
,815
,816
,784
,792
,817
,837
,805
,765
,811
,817
,759
,697
,706
,750
,773
,817
,809
,788
,795
,783
,794
,810
,811
,818
,820
,810
,819
,821
,784
,749
,747
,736
,731
,777
,823
,847
,843
,845
,832
,825
,798
,758
,697
,671
,708
,746
,805
,844
,790
,728
,772
,773
,868
,851
,766
,724
,747
,781
,832
,819
,756
,751
,765
,787
,774
,741
,714
,730
,755
,812
,839
,773
,756
,785
,802
,818
,752
,739
,762
,812
,839
,839
,805
,763
,755
,709
,669
,665
,670
,696
,715
,726
,722
,721
,733
,694
,687
,676
,682
,674
,669
,691
,714
,738
,768
,705
,680
,675
,676
,671
,649
,654
,657
,696
,706
,689
,682
,688
,677
,660
,648
,636
,623
,621
,634
,641
,636
,650
,655
,670
,674
,665
,662
,669
,682
,699
,685
,690
,713
,738
,729
,697
,695
,705
,708
,677
,664
,673
,692
,716
,698
,676
,722
,725
,739
,711
,680
,690
,683
,691
,691
,674
,706
,749
,800
,797
,725
,713
,711
,733
,759
,781
,734
,717
,735
,748
,775
,751
,750
,778
,802
,802
,755
,722
,741
,748
,760
,790
,777
,738
,766
,789
,827
,834
,784
,714
,718
,720
,688
,659
,645
,656
,677
,716
,734
,715
,715
,755
,786
,778
,771
,742
,778
,777
,792
,791
,753
,737
,781
,707
,675
,679
,646
,625
,615
,603
,601
,658
,829
,863
,880
,870
,854
,778
,787
,817
,827
,805
,819
,833
,829
,838
,831
,827
,788
,751
,793
,821
,868
,859
,802
,747
,756
,775
,759
,720
,703
,746
,816
,895
,793
,745
,788
,859
,850
,751
,749
,735
,744
,722
,707
,711
,732
,748
,721
,742
,789
,820
,799
,728
,763
,783
,750
,732
,706
,728
,767
,872
,857
,806
,771
,805
,812
,810
,779
,749
,775
,782
,795
,784
,734
,752
,771
,787
,768
,733
,747
,777
,817
,822
,782
,788
,807
,799
,751
,715
,724
,734
,774
,753
,738
,779
,798
,791
,740
,726
,727
,742
,757
,730
,719
,743
,786
,730
,697
,694
,710
,717
,750
,710
,720
,738
,794
,774
,713
,741
,764
,773
,761
,720
,705
,709
,728
,762
,803
,786
,802
,847
,827
,851
,801
,781
,794
,820
,852
,783
,765
,766
,798
,809
,770
,752
,794
,828
,788
,748
,730
,775
,797
,781
,735
,735
,748
,736
,712
,682
,695
,717
,767
,794
,760
,736
,725
,762
,777
,755
,751
,759
,821
,868
,784
,786
,795
,828
,774
,733
,750
,763
,811
,826
,740
,722
,730
,753
,803
,776
,792
,831
,870
,827
,761
,764
,802
,810
,777
,754
,755
,796
,817
,771
,736
,769
,805
,786
,739
,737
,764
,770
,742
,723
,740
,762
,781
,744
,726
,735
,779
,770
,749
,751
,784
,808
,768
,743
,741
,761
,793
,740
,740
,784
,805
,747
,726
,715
,744
,773
,779
,760
,760
,797
,792
,746
,753
,756
,747
,707
,687
,702
,735
,773
,734
,713
,745
,786
,846
,834
,756
,702
,693
,695
,682
,672
,683
,717
,835
,928
,748
,762
,797
,833
,797
,734
,736
,769
,793
,798
,762
,766
,786
,803
,782
,747
,752
,757
,792
,762
,718
,695
,690
,705
,749
,724
,706
,729
,760
,831
,769
,732
,738
,767
,793
,765
,701
,701
,706
,718
,717
,720
,773
,817
,848
,749
,730
,751
,780
,792
,752
,734
,737
,743
,732
,695
,711
,719
,787
,827
,800
,743
,778
,833
,870
,880
,905
,800
,753
,731
,747
,753
,744
,775
,831
,1020
,876
,777
,733
,728
,741
,733
,732
,793
,845
,851
,773
,782
,794
,830
,796
,788
,815
,822
,785
,744
,758
,771
,784
,762
,718
,733
,763
,755
,768
,748
,724
,740
,755
,770
,811
,772
,742
,767
,790
,808
,766
,729
,764
,774
,805
,788
,752
,765
,780
,781
,742
,709
,717
,769
,838
,850
,756
,749
,766
,786
,773
,729
,722
,736
,759
,736
,726
,723
,758
,822
,804
,722
,700
,699
,755
,778
,754
,746
,785
,825
,807
,756
,731
,739
,788
,766
,727
,718
,739
,774
,824
,751
,699
,689
,706
,761
,800
,768
,798
,850
,898
,809
,747
,751
,767
,755
,714
,729
,756
,771
,735
,699
,694
,710
,720
,704
,681
,691
,711
,722
,700
,693
,712
,748
,724
,713
,736
,752
,791
,757
,728
,752
,752
,741
,708
,701
,712
,736
,749
,706
,704
,730
,745
,733
,706
,717
,732
,795
,823
,761
,737
,755
,826
,885
,824
,751
,761
,775
,756
,756
,774
,878
,989
,802
,793
,810
,817
,782
,781
,823
,873
,850
,795
,794
,814
,817
,801
,742
,746
,743
,749
,739
,742
,792
,882
,891
,759
,755
,759
,762
,731
,720
,736
,776
,814
,754
,726
,744
,761
,770
,731
,751
,770
,835
,862
,800
,780
,833
,866
,843
,775
,756
,787
,849
,885
,787
,764
,770
,795
,776
,735
,757
,766
,796
,753
,720
,731
,728
,748
,741
,721
,707
,725
,775
,793
,758
,739
,743
,758
,781
,749
,715
,730
,771
,833
,832
,783
,762
,779
,836
,826
,760
,751
,748
,784
,792
,740
,723
,727
,749
,766
,742
,741
,749
,810
,801
,763
,752
,785
,806
,800
,750
,722
,734
,752
,752
,737
,740
,760
,782
,741
,719
,722
,734
,757
,739
,695
,685
,707
,727
,714
,688
,710
,751
,793
,817
,749
,717
,715
,710
,697
,693
,702
,716
,718
,691
,693
,692
,696
,711
,691
,672
,681
,713
,719
,725
,700
,691
,702
,741
,782
,777
,716
,690
,712
,721
,768
,779
,770
,749
,795
,823
,754
,710
,706
,706
,722
,769
,718
,709
,708
,729
,714
,697
,706
,755
,775
,738
,697
,714
,739
,779
,800
,747
,712
,731
,726
,741
,720
,711
,737
,779
,775
,735
,716
,727
,760
,811
,787
,736
,755
,764
,797
,764
,728
,741
,771
,822
,807
,730
,714
,729
,757
,799
,768
,702
,703
,710
,722
,769
,740
,761
,841
,943
,875
,759
,721
,691
,669
,689
,691
,680
,681
,699
,742
,741
,711
,724
,739
,779
,798
,745
,742
,743
,787
,771
,753
,723
,733
,768
,802
,725
,695
,670
,660
,666
,676
,679
,693
,742
,763
,770
,753
,763
,760
,790
,752
,736
,755
,779
,767
,739
,740
,743
,752
,734
,720
,732
,760
,757
,718
,723
,710
,695
,667
,660
,664
,692
,723
,700
,678
,664
,663
,651
,639
,624
,617
,612
,636
,626
,625
,630
,644
,668
,669
,677
,694
,708
,718
,678
,677
,681
,682
,695
,667
,685
,690
,700
,762
,766
,711
,705
,701
,691
,683
,684
,700
,723
,727
,714
,676
,677
,685
,687
,698
,737
,719
,697
,704
,695
,705
,686
,672
,681
,674
,652
,663
,688
,652
,632
,617
,613
,606
,608
,618
,638
,677
,746
,771
,716
,697
,719
,741
,744
,690
,705
,673
,648
,630
,660
,704
,754
,740
,700
,729
,712
,727
,744
,723
,715
,687
,703
,694
,720
,718
,701
,672
,683
,691
,731
,736
,723
,709
,746
,775
,800
,725
,705
,724
,765
,759
,712
,718
,752
,793
,805
,770
,719
,729
,844
,864
,886
,849
,804
,804
,806
,792
,764
,735
,759
,764
,786
,749
,729
,748
,769
,822
,762
,716
,738
,754
,800
,792
,731
,690
,686
,711
,773
,769
,720
,744
,820
,851
,853
,803
,716
,691
,702
,713
,758
,763
,756
,923
,947
,835
,740
,714
,715
,727
,740
,728
,717
,725
,821
,814
,758
,768
,808
,814
,760
,711
,728
,760
,784
,796
,765
,732
,730
,742
,766
,748
,715
,736
,755
,825
,849
,767
,750
,775
,786
,844
,859
,802
,806
,804
,755
,744
,777
,882
,781
,733
,696
,688
,701
,742
,810
,788
,753
,781
,1002
,860
,795
,787
,786
,762
,725
,704
,709
,687
,687
,708
,698
,705
,722
,759
,745
,699
,682
,659
,669
,691
,714
,754
,775
,755
,730
,738
,745
,746
,763
,776
,738
,712
,730
,758
,803
,825
,761
,743
,761
,811
,831
,842
,788
,739
,759
,810
,837
,786
,742
,762
,785
,800
,773
,771
,812
,789
,804
,762
,758
,814
,855
,861
,771
,713
,693
,710
,777
,789
,788
,843
,981
,825
,777
,846
,845
,832
,773
,754
,770
,807
,762
,734
,749
,768
,824
,777
,779
,823
,897
,873
,787
,732
,760
,791
,810
,771
,739
,768
,795
,839
,796
,742
,756
,817
,825
,742
,702
,715
,731
,805
,808
,740
,755
,805
,884
,841
,782
,766
,748
,723
,700
,745
,821
,1003
,830
,709
,690
,704
,741
,853
,855
,799
,858
,925
,833
,762
,781
,784
,837
,772
,727
,753
,802
,831
,812
,769
,743
,784
,882
,917
,795
,723
,738
,739
,757
,788
,750
,711
,717
,744
,828
,851
,769
,753
,783
,807
,835
,775
,765
,767
,811
,806
,765
,751
,786
,829
,911
,757
,691
,689
,684
,722
,739
,730
,761
,1007
,929
,839
,822
,857
,846
,780
,716
,693
,700
,749
,825
,800
,774
,807
,826
,856
,810
,761
,803
,861
,897
,784
,702
,673
,661
,695
,774
,846
,779
,762
,797
,782
,747
,717
,727
,754
,803
,816
,784
,817
,817
,885
,823
,736
,722
,737
,801
,1028
,902
,794
,720
,704
,703
,720
,769
,776
,800
,1007
,904
,830
,799
,854
,873
,899
,890
,735
,705
,681
,711
,861
,890
,786
,838
,937
,946
,827
,770
,757
,808
,978
,846
,740
,727
,707
,708
,705
,700
,1531
,779
,776
,721
,735
,779
,763
,714
,707
,715
,757
,812
,788
,744
,752
,797
,797
,808
,790
,748
,746
,750
,762
,746
,724
,742
,796
,853
,930
,985
,728
,691
,685
,701
,731
,735
,708
,740
,861
,1038
,856
,791
,791
,813
,843
,818
,769
,806
,1065
,958
,922
,803
,718
,709
,703
,747
,1044
,870
,886
,952
,873
,823
,807
,819
,785
,865
,1073
,879
,772
,733
,723
,750
,737
,733
,743
,788
,802
,709
,697
,665
,656
,689
,752
,815
,805
,778
,805
,807
,842
,784
,769
,775
,767
,763
,784
,753
,737
,738
,737
,733
,716
,734
,770
,790
,810
,731
,729
,723
,732
,720
,697
,723
,818
,943
,901
,793
,792
,802
,785
,725
,757
,798
,952
,893
,760
,743
,754
,856
,900
,786
,741
,794
,916
,929
,782
,755
,764
,802
,832
,759
,765
,811
,1040
,884
,818
,763
,785
,813
,879
,871
,788
,747
,775
,769
,767
,789
,742
,723
,754
,805
,869
,833
,754
,760
,802
,858
,873
,768
,749
,800
,829
,823
,764
,745
,766
,819
,831
,771
,733
,794
,839
,912
,962
,733
,682
,677
,686
,723
,767
,748
,799
,1087
,939
,859
,805
,842
,859
,839
,769
,741
,774
,819
,869
,841
,758
,786
,800
,818
,792
,746
,768
,775
,789
,790
,736
,781
,784
,803
,750
,717
,735
,790
,841
,812
,757
,762
,778
,811
,782
,731
,738
,754
,761
,742
,710
,728
,761
,763
,759
,719
,718
,743
,771
,764
,724
,747
,793
,803
,754
,724
,730
,772
,786
,727
,707
,725
,743
,764
,735
,714
,736
,802
,791
,732
,704
,732
,769
,755
,737
,715
,757
,806
,869
,791
,743
,758
,775
,816
,786
,724
,745
,791
,920
,899
,745
,788
,795
,801
,775
,728
,718
,746
,779
,809
,759
,758
,768
,771
,751
,729
,743
,819
,837
,766
,725
,753
,759
,730
,759
,760
,715
,742
,707
,700
,689
,693
,686
,664
,649
,644
,688
,765
,747
,686
,678
,710
,752
,739
,695
,691
,708
,737
,754
,754
,736
,722
,733
,776
,790
,745
,737
,758
,810
,814
,741
,737
,738
,770
,773
,727
,715
,744
,778
,798
,751
,738
,749
,785
,813
,752
,728
,771
,818
,869
,779
,737
,786
,917
,900
,768
,765
,793
,791
,796
,753
,762
,815
,865
,876
,772
,767
,765
,799
,822
,752
,737
,768
,784
,809
,744
,714
,730
,772
,796
,749
,726
,761
,782
,805
,773
,741
,773
,807
,810
,770
,717
,751
,787
,793
,768
,750
,779
,804
,788
,741
,763
,777
,791
,760
,718
,728
,748
,798
,780
,745
,766
,779
,776
,719
,684
,669
,673
,673
,666
,683
,709
,739
,722
,699
,729
,763
,796
,786
,744
,720
,698
,710
,729
,701
,698
,723
,756
,783
,725
,729
,751
,763
,775
,728
,701
,704
,751
,766
,752
,711
,733
,748
,795
,747
,703
,702
,708
,754
,725
,718
,748
,800
,815
,791
,749
,767
,764
,788
,746
,722
,740
,793
,830
,750
,758
,767
,798
,799
,738
,723
,739
,810
,863
,765
,759
,781
,799
,802
,745
,741
,744
,776
,796
,763
,715
,753
,816
,872
,781
,729
,774
,806
,848
,809
,778
,835
,864
,883
,852
,792
,764
,766
,795
,820
,841
,787
,796
,822
,844
,837
,788
,760
,781
,798
,829
,802
,739
,779
,790
,792
,766
,728
,776
,838
,878
,802
,731
,742
,754
,784
,772
,754
,711
,665
,679
,711
,756
,799
,832
,781
,731
,742
,779
,848
,798
,756
,715
,731
,779
,805
,785
,747
,789
,850
,882
,829
,741
,768
,802
,879
,803
,736
,764
,781
,799
,761
,777
,823
,875
,858
,814
,797
,839
,848
,865
,797
,762
,769
,789
,807
,810
,769
,747
,780
,818
,826
,761
,769
,760
,788
,753
,711
,736
,770
,844
,778
,743
,779
,799
,794
,762
,732
,768
,789
,770
,734
,741
,800
,832
,763
,720
,765
,791
,846
,769
,709
,752
,787
,864
,908
,819
,768
,725
,726
,747
,825
,811
,756
,774
,841
,801
,746
,730
,743
,789
,792
,745
,718
,764
,830
,817
,734
,744
,791
,839
,805
,751
,715
,745
,793
,811
,816
,765
,745
,765
,779
,802
,818
,782
,750
,788
,921
,879
,722
,736
,741
,740
,702
,703
,746
,822
,821
,767
,756
,793
,810
,758
,737
,752
,771
,724
,706
,716
,751
,733
,726
,718
,747
,775
,755
,721
,720
,724
,727
,693
,690
,700
,731
,710
,699
,712
,745
,747
,708
,736
,740
,723
,707
,729
,757
,748
,722
,675
,692
,723
,747
,703
,686
,696
,697
,658
,657
,664
,682
,699
,674
,686
,693
,736
,720
,688
,697
,712
,719
,692
,679
,690
,730
,724
,689
,680
,642
,632
,652
,695
,669
,649
,664
,714
,755
,696
,685
,698
,714
,721
,686
,677
,712
,765
,771
,717
,695
,725
,756
,776
,739
,748
,799
,827
,766
,721
,726
,751
,721
,697
,706
,778
,795
,755
,727
,760
,769
,757
,718
,733
,763
,799
,743
,711
,714
,729
,746
,700
,725
,741
,771
,736
,709
,742
,815
,801
,730
,694
,690
,703
,687
,677
,683
,709
,783
,819
,695
,721
,732
,765
,720
,712
,727
,771
,727
,698
,688
,711
,696
,679
,678
,693
,708
,677
,674
,682
,699
,688
,663
,687
,710
,746
,706
,676
,687
,693
,721
,682
,685
,708
,739
,711
,680
,691
,715
,703
,665
,635
,644
,650
,639
,611
,613
,630
,627
,617
,627
,652
,686
,710
,682
,662
,676
,704
,725
,694
,669
,693
,746
,763
,731
,686
,713
,757
,795
,743
,718
,736
,794
,803
,740
,733
,810
,1009
,839
,752
,757
,772
,802
,792
,765
,831
,867
,901
,831
,786
,802
,825
,824
,763
,772
,827
,847
,821
,763
,784
,869
,890
,843
,759
,731
,764
,848
,951
,798
,783
,808
,855
,872
,808
,788
,829
,833
,804
,748
,736
,772
,847
,864
,769
,725
,744
,807
,876
,795
,742
,774
,803
,808
,755
,747
,774
,877
,932
,724
,719
,734
,766
,792
,785
,740
,753
,840
,991
,815
,747
,783
,838
,889
,837
,761
,781
,774
,782
,755
,754
,770
,821
,815
,741
,723
,705
,704
,712
,690
,685
,702
,713
,699
,664
,655
,654
,698
,746
,781
,787
,748
,712
,736
,775
,794
,787
,748
,733
,773
,809
,821
,779
,776
,801
,847
,808
,783
,832
,885
,879
,810
,769
,807
,859
,899
,836
,783
,805
,840
,809
,795
,815
,840
,829
,772
,749
,759
,791
,771
,717
,721
,779
,810
,831
,755
,725
,736
,783
,824
,776
,741
,798
,822
,818
,781
,761
,789
,807
,791
,769
,749
,757
,803
,816
,772
,750
,761
,800
,820
,774
,755
,782
,792
,802
,759
,750
,779
,800
,797
,756
,764
,781
,791
,764
,735
,760
,798
,802
,767
,733
,743
,794
,805
,734
,710
,723
,763
,868
,896
,772
,803
,797
,813
,768
,759
,792
,806
,831
,807
,748
,795
,811
,857
,824
,778
,810
,829
,886
,817
,782
,774
,816
,801
,760
,765
,811
,857
,789
,739
,766
,811
,830
,785
,752
,796
,811
,806
,748
,727
,753
,775
,829
,776
,762
,760
,784
,773
,733
,746
,805
,907
,912
,783
,809
,796
,800
,766
,741
,761
,813
,921
,833
,765
,798
,834
,821
,745
,731
,763
,839
,855
,756
,748
,794
,835
,772
,722
,749
,799
,825
,793
,735
,743
,788
,787
,746
,751
,780
,802
,768
,742
,759
,795
,818
,765
,742
,758
,786
,762
,723
,761
,785
,830
,794
,740
,756
,800
,797
,742
,716
,726
,743
,768
,722
,738
,757
,811
,821
,757
,747
,770
,795
,777
,740
,733
,749
,774
,787
,761
,705
,715
,734
,750
,776
,766
,714
,750
,822
,900
,862
,761
,772
,806
,802
,832
,778
,736
,768
,811
,855
,796
,764
,792
,803
,810
,749
,743
,764
,803
,782
,734
,709
,712
,736
,764
,748
,740
,750
,735
,703
,724
,748
,759
,713
,699
,703
,729
,707
,679
,698
,747
,798
,784
,721
,708
,741
,787
,771
,726
,716
,739
,813
,820
,756
,746
,793
,847
,819
,740
,772
,853
,896
,813
,741
,740
,773
,794
,807
,752
,776
,855
,944
,809
,797
,800
,822
,773
,741
,776
,794
,798
,753
,759
,790
,841
,806
,757
,769
,795
,839
,785
,769
,783
,826
,801
,744
,731
,778
,832
,791
,734
,741
,782
,880
,966
,806
,811
,824
,828
,782
,737
,792
,840
,882
,789
,772
,815
,850
,876
,757
,747
,787
,864
,803
,746
,811
,882
,923
,771
,734
,756
,787
,822
,777
,736
,793
,847
,882
,778
,739
,753
,801
,849
,789
,752
,790
,822
,850
,793
,757
,780
,799
,829
,759
,758
,788
,824
,810
,765
,765
,796
,812
,764
,746
,772
,833
,850
,803
,758
,780
,812
,857
,809
,758
,787
,825
,857
,782
,760
,795
,833
,847
,820
,777
,802
,848
,868
,803
,750
,761
,780
,821
,823
,786
,807
,832
,842
,764
,708
,668
,674
,725
,991
,789
,764
,764
,728
,777
,815
,829
,834
,777
,727
,747
,776
,784
,790
,742
,737
,765
,778
,798
,759
,746
,754
,800
,837
,814
,771
,804
,831
,842
,783
,764
,769
,801
,807
,779
,745
,780
,819
,791
,743
,734
,737
,767
,766
,740
,759
,794
,795
,759
,711
,740
,772
,820
,757
,700
,688
,681
,650
,637
,627
,616
,638
,660
,663
,683
,697
,757
,764
,702
,703
,715
,766
,808
,744
,744
,774
,816
,845
,786
,787
,811
,798
,808
,769
,749
,792
,805
,749
,744
,748
,747
,771
,724
,736
,750
,748
,753
,702
,701
,715
,742
,811
,800
,746
,752
,762
,783
,752
,723
,757
,781
,809
,788
,754
,781
,801
,818
,777
,754
,818
,856
,862
,808
,775
,813
,841
,855
,779
,766
,790
,822
,815
,764
,788
,811
,824
,795
,770
,815
,813
,835
,785
,776
,776
,804
,814
,777
,735
,751
,728
,748
,733
,718
,759
,799
,903
,797
,785
,816
,850
,857
,806
,814
,840
,868
,815
,756
,796
,811
,827
,792
,747
,767
,806
,864
,875
,800
,769
,740
,731
,732
,724
,724
,784
,816
,873
,817
,798
,862
,897
,879
,793
,803
,800
,828
,862
,795
,811
,852
,857
,880
,793
,771
,783
,848
,974
,883
,832
,753
,815
,874
,865
,864
,795
,824
,838
,866
,835
,761
,771
,785
,821
,847
,807
,793
,834
,878
,893
,827
,824
,833
,836
,784
,781
,833
,848
,818
,790
,852
,893
,907
,822
,786
,811
,845
,821
,775
,786
,812
,840
,845
,797
,836
,878
,885
,820
,794
,836
,842
,820
,769
,803
,836
,861
,826
,791
,802
,837
,865
,793
,790
,817
,832
,784
,762
,806
,834
,827
,768
,783
,846
,869
,850
,807
,768
,791
,806
,819
,765
,755
,790
,825
,810
,769
,776
,810
,864
,821
,736
,757
,790
,822
,783
,744
,759
,817
,851
,840
,756
,781
,780
,815
,784
,749
,756
,758
,822
,879
,805
,771
,789
,885
,889
,821
,776
,805
,818
,807
,767
,748
,781
,827
,835
,795
,774
,816
,840
,820
,756
,763
,783
,859
,816
,768
,762
,806
,806
,781
,727
,752
,767
,783
,759
,744
,770
,804
,833
,770
,762
,770
,803
,777
,720
,752
,798
,786
,764
,717
,747
,776
,831
,802
,778
,816
,807
,772
,761
,733
,787
,783
,782
,783
,749
,712
,710
,740
,798
,777
,756
,796
,883
,902
,765
,815
,842
,878
,773
,744
,790
,847
,882
,861
,796
,805
,831
,853
,820
,780
,800
,823
,848
,793
,740
,735
,722
,708
,697
,712
,719
,766
,731
,709
,732
,738
,692
,672
,688
,686
,672
,694
,753
,809
,774
,705
,706
,728
,734
,738
,702
,693
,692
,713
,723
,697
,692
,674
,666
,665
,650
,637
,633
,615
,608
,601
,594
,590
,586
,585
,575
,571
,576
,564
,560
,555
,555
,550
,550
,538
,532
,528
,521
,513
,509
,506
,504
,506
,503
,506
,507
,506
,526
,537
,549
,560
,578
,585
,596
,644
,716
,763
,757
,681
,672
,667
,636
,642
,638
,611
,593
,588
,603
,607
,598
,608
,659
,737
,819
,810
,733
,737
,739
,764
,781
,736
,764
,767
,777
,776
,725
,749
,801
,864
,849
,811
,800
,824
,807
,782
,821
,873
,897
,870
,874
,870
,848
,792
,803
,851
,888
,847
,846
,869
,905
,818
,825
,845
,856
,870
,826
,874
,864
,833
,799
,824
,852
,878
,830
,820
,839
,873
,825
,817
,844
,858
,815
,769
,788
,807
,769
,700
,688
,689
,687
,693
,693
,757
,870
,880
,822
,791
,777
,813
,819
,793
,820
,855
,877
,809
,789
,824
,829
,813
,769
,813
,839
,877
,842
,870
,890
,901
,835
,795
,842
,853
,822
,750
,762
,782
,804
,781
,765
,810
,843
,875
,798
,823
,848
,845
,797
,774
,797
,832
,820
,763
,775
,808
,841
,797
,802
,833
,844
,789
,773
,793
,810
,812
,751
,764
,765
,813
,809
,774
,815
,848
,893
,877
,799
,777
,770
,793
,840
,826
,751
,738
,759
,791
,788
,801
,883
,931
,928
,846
,861
,833
,807
,771
,804
,860
,917
,914
,855
,881
,899
,895
,825
,814
,835
,878
,858
,810
,849
,857
,828
,784
,782
,805
,812
,759
,749
,800
,839
,837
,779
,792
,764
,789
,786
,767
,807
,857
,912
,881
,768
,717
,730
,759
,863
,881
,839
,902
,922
,921
,836
,830
,839
,876
,834
,781
,772
,787
,812
,846
,821
,801
,845
,897
,897
,850
,790
,796
,794
,795
,763
,741
,772
,809
,853
,795
,766
,790
,832
,832
,767
,755
,786
,824
,838
,801
,773
,808
,846
,864
,804
,760
,779
,820
,821
,811
,770
,754
,773
,806
,822
,780
,823
,872
,873
,847
,788
,758
,735
,726
,677
,669
,667
,664
,660
,669
,698
,720
,766
,727
,702
,703
,691
,676
,672
,666
,648
,642
,666
,665
,659
,681
,701
,742
,749
,734
,763
,806
,821
,775
,727
,754
,763
,771
,732
,761
,802
,817
,748
,761
,784
,808
,795
,799
,860
,902
,824
,788
,840
,893
,837
,777
,821
,829
,825
,789
,770
,825
,865
,800
,798
,845
,843
,809
,811
,821
,822
,811
,801
,783
,767
,726
,766
,823
,888
,845
,800
,848
,828
,820
,773
,747
,796
,818
,845
,831
,758
,776
,836
,871
,841
,785
,827
,870
,883
,804
,792
,831
,796
,801
,747
,744
,808
,885
,912
,830
,848
,872
,882
,816
,801
,819
,833
,799
,780
,856
,912
,856
,790
,841
,871
,838
,780
,834
,873
,883
,825
,873
,930
,899
,849
,845
,864
,828
,786
,829
,897
,894
,830
,857
,901
,898
,812
,793
,807
,819
,770
,748
,809
,873
,877
,798
,807
,820
,822
,772
,814
,839
,843
,827
,792
,797
,901
,877
,836
,787
,767
,801
,840
,896
,835
,790
,847
,854
,842
,789
,761
,803
,844
,799
,780
,834
,829
,838
,807
,752
,788
,844
,892
,792
,751
,829
,817
,862
,827
,799
,876
,880
,850
,801
,758
,784
,813
,778
,744
,765
,799
,834
,778
,728
,769
,778
,784
,749
,712
,728
,767
,767
,700
,703
,722
,757
,732
,702
,715
,746
,775
,702
,705
,718
,757
,762
,718
,705
,738
,766
,767
,704
,713
,741
,791
,806
,746
,713
,737
,762
,777
,720
,727
,741
,768
,779
,714
,708
,719
,745
,725
,692
,715
,746
,765
,729
,707
,708
,725
,736
,701
,731
,777
,832
,776
,747
,767
,801
,798
,753
,801
,835
,866
,815
,788
,829
,842
,761
,744
,800
,869
,825
,770
,801
,823
,784
,712
,714
,736
,799
,818
,772
,776
,825
,903
,881
,814
,860
,863
,837
,769
,800
,815
,779
,703
,684
,679
,683
,695
,695
,687
,695
,705
,721
,701
,685
,698
,700
,708
,695
,677
,692
,702
,727
,689
,694
,706
,711
,710
,703
,696
,700
,709
,703
,715
,774
,823
,815
,753
,732
,724
,725
,730
,711
,677
,707
,678
,727
,840
,856
,808
,790
,846
,865
,869
,816
,812
,833
,856
,866
,809
,852
,889
,894
,816
,833
,864
,888
,827
,857
,896
,894
,824
,813
,857
,900
,862
,809
,837
,892
,877
,799
,808
,806
,846
,795
,828
,865
,881
,860
,861
,897
,908
,838
,818
,851
,853
,821
,833
,888
,901
,819
,819
,866
,866
,802
,830
,885
,905
,860
,804
,823
,849
,796
,750
,779
,833
,846
,805
,817
,847
,882
,844
,816
,876
,875
,807
,792
,819
,861
,839
,762
,761
,822
,886
,848
,819
,862
,878
,863
,811
,832
,857
,883
,815
,792
,847
,882
,891
,821
,801
,852
,857
,809
,772
,806
,831
,870
,790
,798
,829
,861
,835
,831
,899
,907
,840
,823
,890
,892
,827
,815
,866
,901
,888
,828
,814
,830
,839
,815
,794
,864
,906
,878
,819
,842
,869
,864
,797
,793
,818
,841
,794
,769
,831
,857
,845
,803
,793
,839
,881
,860
,797
,807
,837
,821
,786
,810
,853
,884
,814
,819
,843
,859
,785
,790
,804
,856
,817
,815
,847
,863
,793
,773
,794
,816
,781
,770
,793
,824
,818
,770
,820
,907
,915
,874
,808
,816
,831
,840
,793
,795
,849
,857
,846
,774
,754
,772
,799
,777
,770
,811
,869
,837
,782
,766
,811
,813
,786
,751
,755
,790
,864
,810
,786
,810
,792
,766
,722
,745
,761
,816
,807
,750
,851
,888
,812
,747
,780
,751
,741
,699
,679
,688
,756
,859
,745
,755
,786
,844
,805
,794
,900
,960
,937
,869
,803
,808
,840
,850
,791
,756
,813
,835
,811
,756
,746
,703
,707
,686
,695
,708
,766
,824
,762
,737
,768
,793
,814
,765
,766
,771
,792
,751
,744
,816
,851
,771
,754
,784
,818
,743
,721
,764
,805
,773
,728
,782
,805
,801
,745
,731
,777
,806
,729
,701
,718
,737
,717
,701
,721
,731
,747
,729
,699
,720
,735
,772
,741
,717
,762
,787
,777
,755
,761
,803
,755
,715
,715
,755
,777
,849
,794
,768
,797
,798
,757
,732
,749
,758
,781
,760
,743
,756
,788
,830
,797
,742
,726
,710
,704
,682
,675
,677
,682
,687
,675
,674
,686
,689
,701
,697
,686
,686
,696
,703
,694
,673
,662
,664
,656
,653
,655
,653
,667
,680
,683
,672
,667
,669
,660
,663
,655
,641
,642
,641
,653
,665
,658
,652
,660
,664
,663
,666
,652
,643
,656
,654
,676
,687
,683
,732
,768
,781
,737
,702
,721
,751
,781
,780
,749
,728
,759
,799
,795
,744
,731
,752
,812
,787
,753
,778
,819
,808
,799
,755
,746
,778
,821
,779
,740
,777
,785
,761
,721
,735
,743
,759
,706
,722
,738
,808
,786
,710
,709
,721
,765
,733
,738
,760
,733
,728
,716
,707
,736
,747
,729
,712
,735
,755
,766
,726
,712
,732
,749
,720
,687
,673
,651
,650
,664
,661
,654
,676
,690
,732
,797
,771
,744
,782
,783
,761
,718
,690
,726
,734
,751
,712
,728
,786
,813
,808
,747
,726
,765
,756
,756
,717
,684
,689
,709
,735
,705
,695
,738
,750
,698
,655
,636
,646
,653
,643
,629
,625
,634
,648
,638
,627
,624
,635
,637
,626
,612
,610
,614
,623
,608
,598
,593
,597
,599
,605
,599
,584
,582
,587
,602
,618
,604
,594
,589
,599
,607
,623
,607
,596
,606
,632
,664
,642
,620
,612
,628
,645
,651
,635
,628
,647
,672
,697
,692
,635
,624
,625
,611
,622
,609
,607
,590
,601
,616
,632
,610
,603
,623
,631
,643
,638
,626
,614
,646
,656
,639
,616
,606
,613
,625
,658
,660
,610
,596
,598
,598
,605
,593
,588
,592
,605
,621
,608
,595
,607
,609
,623
,618
,597
,583
,594
,593
,607
,626
,638
,625
,603
,603
,609
,618
,621
,600
,601
,616
,622
,630
,624
,619
,637
,657
,666
,648
,623
,628
,644
,658
,627
,643
,644
,688
,670
,655
,670
,702
,679
,629
,619
,623
,657
,669
,639
,634
,643
,650
,629
,626
,644
,669
,659
,650
,664
,701
,735
,685
,683
,706
,721
,687
,668
,689
,713
,743
,707
,707
,751
,791
,701
,732
,764
,779
,736
,715
,767
,802
,779
,728
,796
,815
,854
,756
,779
,778
,795
,726
,750
,784
,799
,750
,722
,789
,824
,859
,724
,734
,691
,677
,710
,691
,643
,628
,636
,636
,636
,675
,729
,753
,748
,689
,708
,730
,739
,719
,689
,726
,760
,812
,780
,752
,784
,774
,767
,737
,764
,752
,723
,734
,714
,726
,728
,727
,717
,683
,676
,699
,717
,723
,709
,696
,704
,692
,706
,695
,693
,754
,793
,821
,792
,739
,786
,788
,763
,717
,727
,699
,739
,772
,730
,758
,806
,809
,825
,756
,725
,755
,791
,853
,811
,749
,774
,778
,841
,812
,753
,804
,864
,897
,829
,767
,785
,805
,827
,775
,768
,824
,839
,797
,727
,752
,737
,752
,708
,721
,781
,816
,749
,762
,718
,715
,673
,657
,655
,644
,632
,627
,633
,642
,641
,635
,628
,630
,629
,645
,671
,678
,652
,666
,665
,669
,656
,637
,648
,657
,673
,657
,658
,692
,692
,737
,731
,731
,764
,800
,819
,771
,714
,747
,770
,762
,735
,717
,755
,780
,785
,745
,765
,796
,752
,695
,749
,744
,790
,721
,751
,801
,830
,745
,715
,744
,766
,807
,753
,709
,759
,794
,776
,709
,706
,709
,715
,695
,675
,700
,715
,706
,667
,660
,643
,675
,713
,697
,685
,731
,766
,790
,741
,710
,753
,770
,753
,728
,750
,808
,866
,821
,761
,774
,771
,754
,707
,721
,748
,799
,758
,793
,822
,826
,759
,733
,780
,767
,734
,691
,690
,673
,678
,691
,682
,695
,720
,740
,743
,713
,690
,712
,728
,758
,730
,708
,715
,731
,736
,677
,677
,669
,697
,692
,686
,712
,721
,750
,722
,693
,718
,755
,714
,713
,760
,822
,826
,740
,790
,816
,774
,743
,757
,789
,832
,760
,732
,784
,803
,808
,761
,756
,792
,806
,772
,749
,797
,827
,811
,747
,737
,748
,778
,778
,747
,759
,789
,823
,767
,756
,797
,798
,804
,786
,756
,790
,799
,815
,731
,741
,676
,648
,660
,671
,681
,683
,707
,736
,712
,686
,723
,725
,749
,725
,724
,766
,813
,777
,746
,770
,797
,762
,723
,766
,772
,787
,733
,728
,747
,780
,798
,749
,728
,748
,754
,720
,732
,789
,842
,832
,767
,787
,827
,860
,827
,785
,848
,894
,869
,806
,825
,869
,872
,827
,829
,856
,888
,846
,797
,831
,860
,859
,800
,835
,907
,886
,855
,794
,816
,855
,877
,841
,824
,846
,884
,857
,804
,846
,876
,891
,841
,795
,842
,925
,911
,853
,821
,880
,888
,843
,805
,842
,853
,844
,771
,785
,835
,879
,845
,786
,831
,853
,877
,806
,781
,797
,824
,812
,759
,786
,825
,870
,830
,801
,849
,875
,868
,823
,821
,853
,880
,881
,836
,819
,839
,861
,853
,805
,802
,825
,857
,823
,792
,836
,866
,889
,835
,804
,847
,865
,867
,815
,794
,843
,912
,934
,875
,851
,837
,819
,778
,790
,835
,873
,877
,798
,786
,805
,831
,829
,773
,784
,782
,814
,784
,755
,799
,815
,813
,777
,778
,788
,800
,750
,729
,763
,790
,832
,796
,761
,794
,825
,832
,798
,777
,780
,804
,812
,770
,783
,815
,834
,825
,781
,807
,874
,893
,828
,795
,815
,844
,853
,814
,779
,821
,877
,888
,833
,801
,835
,868
,894
,837
,807
,817
,842
,830
,773
,764
,787
,859
,848
,789
,796
,822
,851
,779
,760
,799
,810
,859
,809
,764
,805
,841
,855
,815
,795
,842
,881
,857
,779
,734
,766
,826
,881
,815
,776
,805
,835
,820
,759
,777
,812
,844
,841
,780
,766
,779
,824
,836
,799
,781
,812
,816
,790
,715
,724
,733
,773
,789
,727
,721
,734
,732
,738
,733
,772
,775
,724
,682
,680
,702
,726
,753
,725
,699
,717
,734
,743
,732
,702
,712
,732
,748
,729
,710
,764
,814
,815
,754
,763
,766
,771
,737
,710
,762
,797
,834
,789
,754
,793
,770
,764
,719
,723
,732
,780
,786
,740
,738
,750
,790
,791
,737
,734
,740
,764
,753
,729
,750
,766
,808
,775
,750
,791
,809
,797
,760
,745
,763
,788
,788
,751
,749
,763
,807
,801
,760
,765
,800
,818
,784
,739
,750
,736
,717
,684
,658
,664
,666
,660
,669
,666
,675
,697
,708
,701
,725
,737
,746
,745
,714
,703
,725
,739
,752
,737
,726
,737
,769
,779
,793
,771
,777
,817
,827
,807
,776
,794
,810
,822
,796
,775
,804
,829
,799
,773
,803
,820
,853
,783
,770
,788
,828
,794
,766
,802
,829
,794
,767
,790
,802
,787
,771
,797
,793
,754
,756
,754
,766
,735
,752
,760
,780
,734
,734
,745
,761
,724
,719
,757
,779
,779
,740
,775
,796
,817
,774
,773
,758
,762
,751
,716
,703
,688
,696
,680
,678
,691
,691
,721
,697
,701
,702
,706
,700
,677
,679
,674
,669
,689
,671
,680
,691
,705
,710
,684
,721
,760
,801
,834
,804
,751
,768
,776
,801
,764
,749
,780
,805
,766
,749
,788
,800
,775
,744
,774
,776
,762
,716
,736
,751
,787
,786
,733
,758
,758
,772
,751
,766
,795
,787
,741
,740
,737
,761
,721
,721
,750
,743
,754
,723
,754
,785
,807
,788
,766
,770
,768
,753
,792
,783
,787
,739
,734
,768
,776
,784
,770
,817
,833
,821
,776
,805
,824
,822
,766
,776
,783
,794
,758
,738
,776
,808
,843
,782
,784
,805
,842
,852
,773
,750
,770
,778
,764
,737
,774
,803
,830
,775
,807
,812
,817
,789
,767
,814
,838
,831
,779
,763
,792
,790
,765
,734
,777
,810
,827
,763
,776
,801
,831
,761
,781
,810
,822
,797
,769
,809
,842
,854
,802
,777
,807
,831
,805
,757
,786
,841
,843
,836
,776
,789
,794
,787
,750
,740
,756
,763
,736
,715
,762
,793
,790
,758
,712
,747
,755
,793
,733
,732
,773
,796
,775
,731
,787
,805
,832
,766
,753
,760
,786
,839
,803
,813
,841
,864
,785
,771
,786
,837
,783
,761
,775
,815
,791
,767
,810
,834
,855
,816
,775
,803
,840
,868
,820
,803
,848
,850
,853
,800
,757
,783
,824
,832
,798
,795
,825
,829
,798
,776
,821
,866
,884
,808
,786
,813
,828
,808
,776
,785
,814
,840
,786
,770
,805
,817
,770
,756
,774
,812
,776
,742
,789
,809
,803
,760
,775
,794
,819
,779
,762
,784
,853
,828
,771
,771
,747
,714
,710
,722
,748
,779
,789
,740
,727
,723
,730
,711
,689
,695
,707
,747
,740
,724
,745
,764
,790
,745
,748
,765
,790
,745
,736
,768
,789
,781
,742
,752
,766
,792
,752
,724
,738
,775
,790
,742
,770
,785
,767
,755
,766
,739
,710
,722
,778
,822
,782
,754
,801
,801
,799
,743
,776
,784
,779
,725
,746
,762
,770
,744
,743
,772
,794
,765
,768
,784
,793
,740
,735
,756
,776
,759
,775
,801
,813
,794
,763
,781
,781
,776
,723
,706
,728
,740
,783
,780
,730
,749
,763
,786
,807
,766
,753
,762
,780
,789
,750
,774
,799
,830
,815
,777
,807
,817
,771
,766
,773
,804
,786
,778
,830
,839
,817
,774
,794
,810
,830
,800
,830
,842
,859
,807
,836
,852
,854
,811
,820
,853
,846
,804
,814
,809
,810
,766
,760
,778
,817
,795
,756
,788
,791
,807
,757
,741
,753
,790
,770
,726
,775
,780
,768
,719
,725
,734
,772
,750
,767
,793
,789
,741
,735
,728
,700
,678
,641
,648
,630
,620
,612
,602
,606
,604
,609
,632
,637
,640
,664
,665
,676
,658
,642
,641
,637
,615
,614
,597
,595
,584
,571
,566
,570
,572
,579
,595
,636
,686
,696
,673
,658
,667
,679
,679
,664
,706
,756
,753
,677
,706
,668
,667
,678
,655
,658
,708
,797
,822
,740
,746
,775
,809
,761
,736
,775
,783
,739
,688
,722
,722
,751
,722
,721
,757
,805
,795
,755
,768
,760
,771
,745
,732
,771
,796
,763
,758
,817
,831
,766
,722
,711
,653
,627
,614
,620
,634
,631
,657
,691
,729
,753
,717
,748
,778
,798
,749
,729
,762
,778
,782
,736
,754
,834
,873
,805
,757
,798
,817
,820
,770
,806
,857
,889
,847
,798
,801
,849
,857
,808
,774
,838
,880
,928
,868
,850
,844
,840
,799
,782
,829
,865
,840
,852
,864
,854
,794
,782
,809
,848
,816
,782
,810
,843
,817
,779
,838
,868
,874
,819
,809
,836
,836
,796
,799
,878
,870
,812
,763
,775
,787
,804
,754
,725
,729
,736
,755
,732
,769
,799
,828
,791
,752
,792
,805
,789
,741
,706
,738
,744
,772
,753
,730
,768
,796
,828
,778
,757
,782
,796
,787
,757
,774
,785
,765
,731
,752
,785
,859
,831
,819
,849
,847
,850
,782
,757
,782
,798
,783
,782
,822
,860
,861
,798
,781
,843
,847
,795
,737
,715
,704
,713
,705
,670
,668
,668
,663
,650
,623
,618
,612
,596
,593
,599
,589
,595
,605
,612
,604
,602
,601
,603
,604
,619
,632
,656
,680
,731
,777
,800
,805
,774
,749
,759
,751
,769
,735
,722
,738
,759
,724
,723
,772
,829
,858
,800
,784
,783
,804
,787
,726
,749
,749
,784
,795
,780
,800
,789
,804
,727
,759
,796
,845
,832
,766
,740
,735
,757
,740
,762
,795
,794
,759
,774
,774
,718
,698
,714
,718
,689
,703
,726
,759
,738
,762
,769
,777
,729
,745
,758
,752
,713
,735
,743
,758
,739
,758
,769
,749
,714
,733
,728
,752
,704
,684
,659
,632
,631
,656
,687
,670
,708
,744
,759
,750
,708
,717
,741
,766
,726
,705
,728
,756
,775
,745
,764
,794
,800
,751
,747
,746
,761
,742
,732
,757
,811
,830
,785
,757
,759
,740
,737
,721
,741
,771
,802
,766
,744
,723
,689
,675
,660
,656
,680
,710
,790
,748
,784
,782
,806
,745
,746
,752
,757
,737
,732
,752
,821
,857
,795
,802
,792
,791
,732
,696
,764
,746
,761
,721
,726
,721
,726
,726
,699
,713
,727
,748
,760
,761
,781
,797
,783
,745
,719
,748
,752
,775
,740
,745
,778
,822
,832
,789
,790
,811
,792
,779
,739
,727
,750
,735
,723
,706
,724
,757
,780
,754
,777
,796
,791
,754
,768
,779
,785
,744
,754
,779
,822
,792
,782
,805
,822
,792
,769
,774
,777
,767
,758
,797
,821
,804
,750
,766
,775
,785
,742
,758
,779
,812
,809
,785
,812
,816
,782
,732
,742
,782
,812
,812
,787
,819
,835
,834
,785
,790
,780
,786
,760
,738
,751
,789
,780
,746
,772
,800
,829
,797
,771
,781
,801
,789
,749
,800
,819
,832
,794
,787
,780
,760
,730
,752
,787
,849
,827
,802
,840
,847
,847
,797
,789
,809
,819
,802
,760
,780
,807
,815
,777
,769
,781
,781
,753
,738
,786
,804
,786
,755
,774
,781
,757
,735
,749
,753
,739
,728
,734
,761
,755
,715
,730
,740
,796
,774
,747
,737
,739
,762
,745
,735
,762
,782
,786
,745
,721
,713
,707
,694
,725
,742
,772
,756
,739
,750
,776
,790
,752
,743
,759
,782
,775
,754
,779
,821
,838
,806
,772
,809
,839
,857
,798
,760
,787
,808
,808
,766
,761
,778
,803
,847
,800
,793
,818
,818
,796
,760
,772
,807
,832
,791
,759
,785
,815
,827
,755
,720
,761
,784
,827
,812
,753
,768
,778
,796
,746
,724
,774
,816
,832
,793
,801
,822
,810
,790
,731
,752
,783
,846
,838
,802
,835
,837
,814
,761
,756
,771
,776
,798
,746
,760
,787
,808
,765
,748
,748
,743
,707
,707
,726
,756
,758
,740
,747
,769
,776
,736
,727
,737
,749
,742
,733
,747
,749
,782
,733
,736
,767
,754
,749
,750
,791
,816
,817
,825
,836
,819
,805
,764
,741
,765
,810
,841
,783
,786
,814
,826
,784
,750
,771
,789
,766
,734
,762
,808
,819
,758
,791
,785
,806
,774
,729
,719
,705
,722
,753
,735
,760
,787
,815
,794
,762
,772
,791
,793
,755
,733
,763
,788
,825
,777
,787
,807
,827
,790
,786
,817
,820
,807
,748
,743
,775
,795
,797
,766
,783
,801
,802
,776
,755
,757
,783
,792
,768
,760
,799
,827
,818
,763
,757
,785
,807
,799
,757
,752
,786
,843
,840
,803
,772
,786
,810
,832
,816
,764
,776
,776
,785
,758
,740
,755
,776
,758
,724
,747
,770
,792
,757
,742
,756
,764
,758
,737
,734
,765
,775
,800
,751
,733
,732
,740
,778
,734
,734
,716
,690
,657
,659
,659
,661
,676
,675
,680
,688
,668
,673
,666
,658
,654
,637
,619
,606
,605
,599
,609
,612
,629
,654
,656
,654
,657
,671
,655
,667
,665
,654
,671
,675
,690
,675
,675
,685
,686
,695
,687
,665
,684
,681
,702
,705
,698
,727
,752
,761
,737
,717
,738
,734
,730
,702
,720
,742
,778
,756
,726
,751
,769
,778
,738
,738
,765
,771
,751
,705
,699
,727
,763
,792
,772
,715
,701
,708
,736
,784
,806
,820
,808
,765
,771
,803
,847
,861
,879
,832
,803
,798
,776
,758
,744
,788
,830
,868
,818
,811
,829
,849
,803
,809
,786
,780
,733
,733
,764
,788
,767
,762
,826
,864
,847
,798
,816
,820
,826
,776
,741
,787
,817
,810
,792
,784
,802
,822
,855
,809
,796
,816
,817
,829
,821
,834
,857
,875
,840
,781
,781
,795
,818
,807
,833
,883
,873
,799
,785
,787
,787
,775
,762
,802
,833
,846
,784
,812
,826
,833
,793
,756
,797
,844
,824
,782
,820
,820
,793
,757
,749
,706
,686
,686
,691
,718
,750
,737
,747
,744
,766
,750
,749
,772
,765
,774
,734
,731
,741
,764
,737
,707
,739
,759
,781
,757
,780
,801
,795
,740
,725
,752
,752
,769
,737
,753
,758
,773
,755
,750
,792
,776
,755
,715
,741
,760
,785
,754
,749
,778
,806
,778
,732
,732
,755
,771
,741
,709
,731
,735
,741
,714
,710
,739
,752
,775
,726
,710
,736
,737
,706
,682
,714
,752
,778
,742
,712
,725
,735
,754
,718
,711
,739
,734
,757
,722
,728
,757
,788
,813
,762
,753
,771
,765
,739
,730
,747
,765
,716
,711
,748
,767
,764
,700
,723
,770
,793
,757
,716
,751
,750
,785
,752
,740
,769
,776
,790
,762
,710
,733
,798
,834
,832
,784
,736
,764
,772
,777
,748
,746
,786
,810
,828
,811
,821
,840
,839
,803
,788
,813
,811
,804
,785
,741
,807
,851
,851
,787
,750
,783
,784
,760
,724
,746
,740
,739
,694
,735
,745
,755
,729
,762
,801
,748
,713
,747
,789
,778
,719
,721
,770
,804
,774
,716
,748
,767
,797
,780
,767
,782
,780
,785
,741
,736
,769
,795
,806
,773
,776
,791
,823
,770
,738
,762
,773
,752
,719
,746
,831
,847
,766
,759
,797
,814
,830
,769
,725
,759
,813
,854
,803
,796
,818
,836
,792
,766
,787
,812
,807
,759
,783
,802
,839
,798
,773
,803
,820
,822
,799
,734
,759
,813
,884
,888
,809
,789
,792
,798
,835
,800
,791
,831
,855
,841
,781
,795
,809
,824
,800
,775
,811
,855
,815
,789
,840
,859
,827
,782
,805
,846
,869
,814
,761
,803
,836
,839
,799
,752
,811
,826
,801
,731
,723
,731
,739
,710
,683
,705
,806
,841
,802
,753
,756
,743
,738
,717
,699
,743
,813
,848
,802
,761
,759
,793
,786
,778
,740
,787
,826
,853
,807
,797
,797
,795
,802
,770
,744
,765
,784
,784
,766
,751
,792
,875
,825
,752
,782
,787
,788
,753
,723
,739
,822
,826
,805
,758
,802
,787
,783
,758
,754
,795
,820
,839
,777
,742
,783
,809
,803
,781
,808
,800
,761
,754
,766
,798
,819
,776
,760
,792
,798
,741
,725
,747
,774
,743
,672
,647
,671
,728
,794
,833
,808
,781
,764
,810
,806
,818
,777
,752
,781
,819
,836
,784
,754
,781
,803
,823
,785
,798
,830
,834
,788
,759
,795
,795
,786
,743
,745
,765
,767
,786
,734
,765
,794
,796
,743
,731
,774
,794
,804
,757
,739
,746
,775
,754
,719
,742
,750
,737
,693
,702
,727
,741
,720
,676
,690
,709
,749
,725
,694
,716
,771
,778
,788
,750
,714
,695
,709
,704
,733
,685
,676
,712
,722
,708
,660
,646
,656
,675
,698
,694
,719
,759
,813
,823
,780
,753
,779
,816
,848
,835
,800
,813
,818
,817
,768
,746
,774
,818
,849
,788
,802
,787
,806
,772
,739
,761
,772
,787
,753
,755
,790
,809
,826
,760
,753
,751
,792
,800
,764
,756
,765
,786
,772
,735
,741
,768
,804
,803
,730
,736
,749
,759
,754
,721
,710
,718
,751
,784
,752
,729
,764
,787
,811
,769
,737
,741
,749
,774
,735
,721
,743
,775
,799
,762
,781
,812
,819
,774
,746
,774
,803
,808
,788
,776
,819
,802
,805
,741
,735
,750
,767
,745
,702
,745
,778
,808
,753
,734
,762
,759
,743
,728
,747
,739
,733
,691
,705
,705
,744
,754
,721
,725
,765
,785
,751
,719
,756
,765
,765
,724
,687
,716
,778
,823
,833
,832
,797
,821
,795
,799
,785
,731
,708
,739
,775
,813
,777
,763
,795
,825
,792
,728
,734
,755
,756
,744
,711
,744
,764
,773
,740
,747
,766
,833
,812
,777
,763
,763
,782
,761
,732
,775
,783
,765
,728
,758
,784
,780
,740
,722
,725
,737
,725
,691
,724
,754
,808
,758
,719
,753
,756
,740
,713
,722
,743
,770
,752
,704
,724
,718
,717
,705
,693
,718
,746
,733
,691
,722
,726
,761
,732
,715
,749
,783
,756
,700
,697
,689
,703
,685
,640
,643
,619
,603
,603
,638
,686
,673
,672
,699
,720
,738
,750
,688
,703
,716
,738
,752
,729
,711
,746
,764
,799
,769
,725
,738
,731
,740
,744
,722
,789
,840
,819
,754
,719
,728
,750
,766
,747
,746
,765
,802
,808
,772
,742
,751
,773
,795
,755
,779
,825
,851
,880
,830
,777
,798
,826
,824
,756
,734
,742
,766
,784
,746
,737
,751
,775
,751
,698
,716
,738
,781
,789
,727
,746
,773
,783
,792
,740
,712
,749
,762
,781
,778
,720
,725
,769
,815
,830
,806
,784
,801
,786
,776
,715
,702
,703
,714
,720
,697
,664
,677
,699
,755
,813
,839
,779
,758
,771
,765
,753
,745
,711
,721
,749
,801
,811
,781
,755
,777
,783
,790
,754
,748
,751
,762
,734
,710
,729
,747
,773
,739
,743
,754
,783
,737
,707
,716
,731
,756
,711
,706
,721
,745
,762
,729
,744
,757
,769
,762
,746
,765
,776
,772
,752
,770
,747
,731
,699
,698
,691
,683
,677
,672
,681
,678
,698
,678
,672
,678
,697
,676
,680
,692
,710
,727
,698
,682
,691
,674
,648
,646
,638
,642
,648
,656
,637
,632
,629
,622
,625
,634
,648
,653
,651
,650
,645
,645
,637
,630
,647
,644
,651
,666
,653
,642
,651
,656
,662
,664
,657
,680
,701
,723
,676
,701
,708
,712
,678
,694
,721
,743
,715
,678
,699
,721
,727
,697
,689
,750
,809
,814
,763
,745
,781
,792
,793
,723
,702
,732
,732
,771
,729
,751
,779
,766
,730
,685
,716
,750
,829
,874
,828
,792
,807
,804
,810
,751
,733
,780
,837
,835
,774
,743
,752
,754
,771
,720
,732
,748
,778
,732
,742
,791
,808
,759
,740
,794
,826
,789
,768
,805
,822
,783
,770
,790
,805
,764
,778
,809
,858
,809
,795
,847
,880
,852
,809
,824
,837
,856
,829
,777
,809
,815
,852
,796
,755
,793
,805
,787
,732
,750
,752
,760
,717
,692
,692
,707
,718
,676
,673
,690
,712
,729
,726
,710
,679
,687
,710
,744
,757
,732
,740
,741
,744
,759
,729
,704
,714
,731
,750
,764
,717
,670
,689
,686
,722
,791
,827
,825
,803
,776
,800
,788
,790
,749
,744
,767
,797
,826
,802
,784
,809
,833
,847
,797
,766
,772
,802
,773
,763
,807
,827
,802
,771
,793
,796
,751
,742
,761
,788
,804
,766
,780
,760
,770
,735
,726
,750
,769
,801
,741
,711
,718
,719
,730
,702
,710
,705
,688
,659
,640
,622
,607
,595
,583
,581
,629
,705
,726
,689
,664
,700
,755
,795
,752
,696
,711
,771
,820
,831
,764
,745
,776
,793
,811
,809
,758
,781
,795
,802
,758
,740
,770
,806
,826
,792
,794
,819
,831
,773
,769
,804
,856
,844
,792
,770
,788
,811
,788
,754
,789
,810
,816
,792
,751
,765
,772
,814
,810
,751
,712
,712
,731
,756
,745
,717
,715
,756
,750
,744
,707
,715
,732
,802
,832
,856
,766
,705
,693
,708
,707
,667
,675
,707
,724
,819
,744
,680
,676
,682
,728
,740
,732
,735
,780
,848
,873
,860
,739
,694
,677
,679
,723
,731
,722
,739
,836
,880
,868
,769
,751
,795
,800
,813
,760
,776
,817
,850
,840
,781
,800
,785
,801
,766
,741
,761
,797
,811
,757
,743
,777
,780
,798
,745
,744
,759
,764
,779
,731
,723
,737
,770
,819
,774
,777
,824
,814
,787
,749
,769
,785
,797
,758
,756
,798
,803
,756
,739
,770
,788
,740
,735
,757
,786
,806
,810
,748
,743
,756
,750
,732
,684
,673
,688
,738
,778
,766
,731
,749
,755
,775
,731
,717
,749
,791
,774
,702
,692
,699
,713
,738
,721
,703
,716
,741
,684
,675
,694
,693
,669
,668
,684
,719
,718
,691
,697
,708
,708
,668
,667
,680
,681
,668
,641
,646
,660
,685
,691
,657
,649
,660
,673
,690
,663
,660
,665
,663
,664
,642
,647
,659
,685
,643
,636
,638
,636
,645
,629
,645
,650
,651
,632
,630
,635
,654
,640
,641
,654
,665
,657
,635
,648
,676
,682
,654
,651
,663
,673
,655
,669
,688
,694
,663
,657
,671
,695
,684
,675
,704
,729
,720
,695
,712
,731
,717
,651
,641
,629
,619
,603
,607
,649
,630
,633
,649
,694
,716
,681
,692
,711
,740
,711
,672
,707
,738
,733
,700
,710
,760
,820
,736
,744
,768
,763
,720
,707
,713
,718
,700
,693
,724
,734
,702
,682
,696
,731
,715
,698
,729
,762
,744
,690
,692
,696
,734
,693
,695
,735
,781
,767
,746
,744
,747
,740
,687
,694
,734
,768
,698
,695
,700
,723
,757
,702
,710
,763
,770
,703
,722
,748
,751
,725
,698
,704
,732
,762
,703
,711
,729
,790
,808
,728
,756
,772
,764
,706
,702
,739
,781
,790
,718
,726
,748
,753
,722
,728
,742
,763
,712
,694
,712
,776
,797
,729
,728
,724
,738
,722
,722
,778
,828
,807
,751
,784
,875
,849
,778
,785
,804
,807
,831
,797
,827
,847
,815
,761
,773
,769
,770
,735
,763
,785
,809
,764
,765
,763
,727
,741
,735
,681
,678
,687
,660
,632
,624
,635
,645
,650
,690
,726
,760
,790
,738
,746
,754
,767
,786
,735
,754
,777
,786
,791
,768
,793
,839
,839
,792
,796
,796
,807
,797
,786
,833
,820
,761
,773
,769
,765
,743
,770
,778
,770
,746
,777
,801
,834
,761
,766
,783
,804
,799
,798
,794
,824
,800
,807
,821
,864
,827
,816
,856
,843
,814
,839
,870
,871
,845
,836
,869
,888
,900
,858
,864
,880
,873
,823
,798
,817
,834
,833
,765
,798
,783
,789
,783
,770
,803
,813
,825
,768
,759
,860
,951
,837
,784
,779
,814
,868
,891
,856
,869
,884
,892
,821
,784
,808
,853
,874
,838
,839
,850
,852
,797
,742
,790
,811
,824
,785
,754
,778
,813
,819
,758
,734
,759
,769
,803
,795
,770
,786
,804
,810
,772
,754
,762
,787
,797
,774
,739
,759
,829
,834
,781
,785
,808
,834
,835
,771
,765
,784
,807
,815
,777
,770
,796
,809
,809
,777
,795
,806
,827
,780
,751
,758
,766
,797
,758
,781
,833
,869
,844
,768
,769
,779
,808
,838
,794
,812
,881
,897
,844
,768
,764
,767
,789
,779
,762
,808
,865
,854
,797
,789
,810
,821
,819
,768
,776
,763
,800
,793
,739
,753
,760
,777
,732
,706
,738
,791
,814
,761
,719
,711
,698
,705
,659
,623
,650
,622
,614
,610
,610
,602
,603
,593
,586
,577
,569
,563
,555
,547
,541
,536
,530
